bowler,matches,total_wickets,total_runs,total_overs,avg_wickets,economy,bowling_avg,pvs_bowling
A Ashish Reddy,20,19,400,43.66666666666666,0.95,9.16,21.05,38.9
A Kumble,42,49,1089,160.83333333333334,1.1666666666666667,6.77,22.22,65.84
A Mishra,162,183,4193,561.8333333333334,1.1296296296296295,7.46,22.91,85.05
A Mithun,16,8,477,48.0,0.5,9.94,59.62,13.11
A Nehra,88,121,2537,318.0,1.375,7.98,20.97,69.25
A Nortje,46,62,1614,175.66666666666666,1.3478260869565215,9.19,26.03,44.75
A Singh,23,31,639,78.83333333333333,1.3478260869565215,8.11,20.61,50.92
A Symonds,30,23,694,87.83333333333333,0.7666666666666667,7.9,30.17,47.17
A Zampa,20,30,562,69.83333333333333,1.5,8.05,18.73,52.08
AB Agarkar,42,33,1174,130.33333333333334,0.7857142857142857,9.01,35.58,36.7
AB Dinda,75,82,2103,252.66666666666663,1.0933333333333333,8.32,25.65,56.65
AC Thomas,15,16,416,52.5,1.0666666666666669,7.92,26.0,47.44
AD Mathews,44,28,1095,131.83333333333334,0.6363636363636364,8.31,39.11,40.56
AD Russell,112,125,2691,282.8333333333333,1.1160714285714286,9.51,21.53,55.9
AJ Tye,30,48,1005,114.16666666666669,1.6,8.8,20.94,47.79
AM Nayar,19,9,323,38.16666666666666,0.4736842105263157,8.46,35.89,36.94
AN Ahmed,17,15,515,57.333333333333336,0.8823529411764706,8.98,34.33,34.05
AR Patel,148,131,3824,517.5,0.8851351351351351,7.39,29.19,72.98
AS Joseph,22,22,707,72.33333333333333,1.0,9.77,32.14,29.17
AS Rajpoot,29,24,844,88.33333333333333,0.8275862068965517,9.55,35.17,30.25
Abhishek Sharma,26,11,396,45.0,0.4230769230769231,8.8,36.0,34.19
Ankit Sharma,21,12,453,61.16666666666666,0.5714285714285714,7.41,37.75,46.23
Anureet Singh,22,21,636,68.66666666666667,0.9545454545454546,9.26,30.29,34.4
Arshdeep Singh,65,84,2097,227.33333333333331,1.2923076923076924,9.22,24.96,49.17
Avesh Khan,62,81,2010,222.5,1.3064516129032258,9.03,24.81,50.38
Azhar Mahmood,23,31,707,89.5,1.3478260869565215,7.9,22.81,51.87
B Kumar,176,195,5051,651.6666666666666,1.1079545454545454,7.75,25.9,83.44
B Lee,38,30,1126,145.83333333333334,0.7894736842105263,7.72,37.53,46.98
BA Bhatt,15,13,408,49.333333333333336,0.8666666666666667,8.27,31.38,41.37
BA Stokes,38,31,1023,114.83333333333331,0.8157894736842105,8.91,33.0,38.33
BB Sran,24,20,767,80.5,0.8333333333333334,9.53,38.35,28.29
BCJ Cutting,17,12,430,46.833333333333336,0.7058823529411765,9.18,35.83,31.01
BJ Hodge,20,18,310,39.0,0.9,7.95,17.22,51.33
BW Hilfenhaus,17,23,497,62.0,1.3529411764705883,8.02,21.61,49.76
Basil Thampi,25,26,862,86.83333333333333,1.04,9.93,33.15,28.06
Bipul Sharma,28,22,581,71.0,0.7857142857142857,8.18,26.41,46.06
C Green,29,20,675,73.16666666666667,0.6896551724137931,9.23,33.75,32.99
C Sakariya,19,20,610,71.0,1.0526315789473684,8.59,30.5,40.19
C de Grandhomme,19,7,323,36.0,0.3684210526315789,8.97,46.14,27.51
CH Gayle,38,19,755,92.33333333333331,0.5,8.18,39.74,39.74
CH Morris,81,107,2377,287.6666666666667,1.3209876543209875,8.26,22.21,63.48
CJ Anderson,22,14,525,49.5,0.6363636363636364,10.61,37.5,17.71
CJ Jordan,34,36,1111,112.33333333333331,1.0588235294117647,9.89,30.86,31.33
CR Brathwaite,16,16,384,42.333333333333336,1.0,9.07,24.0,37.87
CR Woakes,21,31,674,73.33333333333333,1.4761904761904765,9.19,21.74,40.64
CV Varun,70,85,2042,265.0,1.2142857142857142,7.71,24.02,63.46
D Wiese,15,17,447,49.333333333333336,1.1333333333333333,9.06,26.29,37.17
DE Bollinger,27,43,716,96.0,1.5925925925925926,7.46,16.65,60.82
DJ Bravo,158,207,4436,520.0,1.3101265822784811,8.53,21.43,80.6
DJ Hooda,33,10,535,62.16666666666666,0.303030303030303,8.61,53.5,28.19
DJ Hussey,26,10,485,52.833333333333336,0.3846153846153846,9.18,48.5,25.17
DJG Sammy,19,14,354,39.333333333333336,0.7368421052631579,9.0,25.29,37.56
DL Chahar,81,79,2243,278.1666666666667,0.9753086419753086,8.06,28.39,57.25
DL Vettori,34,34,894,129.5,1.0,6.9,26.29,60.02
DP Nannes,29,38,815,107.66666666666669,1.3103448275862069,7.57,21.45,56.8
DR Sams,16,15,528,60.0,0.9375,8.8,35.2,35.3
DR Smith,46,27,825,89.83333333333333,0.5869565217391305,9.18,30.56,36.16
DS Kulkarni,92,91,2513,297.8333333333333,0.9891304347826086,8.44,27.62,56.45
DT Christian,49,40,1218,147.16666666666666,0.8163265306122449,8.28,30.45,46.87
DW Steyn,95,105,2583,363.6666666666667,1.105263157894737,7.1,24.6,72.59
GB Hogg,21,25,585,76.33333333333333,1.1904761904761905,7.66,23.4,52.64
GJ Maxwell,79,41,1311,157.33333333333334,0.5189873417721519,8.33,31.98,45.95
HH Pandya,93,70,2196,236.33333333333331,0.7526881720430108,9.29,31.37,43.09
HV Patel,103,151,3215,360.3333333333333,1.4660194174757282,8.92,21.29,66.36
Harbhajan Singh,160,161,4101,569.3333333333334,1.00625,7.2,25.47,82.08
Harmeet Singh,28,31,747,91.5,1.1071428571428572,8.16,24.1,48.96
Harpreet Brar,39,25,907,113.16666666666669,0.6410256410256411,8.01,36.28,43.92
Harshit Rana,19,27,590,64.16666666666667,1.4210526315789471,9.19,21.85,39.82
I Sharma,110,96,3255,384.8333333333333,0.8727272727272727,8.46,33.91,54.52
IC Pandey,24,19,609,77.0,0.7916666666666666,7.91,32.05,45.5
IK Pathan,101,99,2711,340.5,0.9801980198019802,7.96,27.38,62.44
Imran Tahir,59,86,1729,219.33333333333331,1.4576271186440677,7.88,20.1,63.8
Iqbal Abdulla,48,45,1125,153.33333333333334,0.9375,7.34,25.0,58.7
J Botha,34,27,818,115.66666666666669,0.7941176470588235,7.07,30.3,55.41
J Suchith,21,20,604,70.0,0.9523809523809524,8.63,30.2,39.96
J Yadav,20,9,447,65.0,0.45,6.88,49.67,45.33
JA Morkel,87,96,2409,287.1666666666667,1.103448275862069,8.39,25.09,58.95
JC Archer,40,49,1210,157.83333333333334,1.225,7.67,24.69,56.61
JD Ryder,16,11,314,39.333333333333336,0.6875,7.98,28.55,44.83
JD Unadkat,104,109,3219,355.1666666666667,1.0480769230769231,9.06,29.53,53.46
JEC Franklin,15,9,225,25.166666666666668,0.6,8.94,25.0,37.27
JH Kallis,89,74,2348,290.3333333333333,0.8314606741573034,8.09,31.73,54.58
JJ Bumrah,133,182,3840,512.5,1.368421052631579,7.49,21.1,85.37
JO Holder,46,59,1489,165.83333333333334,1.2826086956521738,8.98,25.24,46.42
JP Behrendorff,17,22,563,61.0,1.2941176470588236,9.23,25.59,36.89
JP Duminy,49,23,847,113.0,0.4693877551020408,7.5,36.83,47.93
JP Faulkner,60,76,1849,206.33333333333331,1.2666666666666666,8.96,24.33,50.26
JR Hazlewood,27,36,830,100.5,1.3333333333333333,8.26,23.06,49.46
JR Hopes,20,14,562,60.0,0.7,9.37,40.14,27.82
Joginder Sharma,15,13,421,42.66666666666666,0.8666666666666667,9.87,32.38,26.43
K Gowtham,35,22,825,98.0,0.6285714285714286,8.42,37.5,39.11
K Rabada,80,126,2652,304.8333333333333,1.575,8.7,21.05,63.65
KA Pollard,107,81,2200,248.0,0.7570093457943925,8.87,27.16,50.82
KH Pandya,117,80,2644,353.6666666666667,0.6837606837606838,7.48,33.05,60.7
KK Ahmed,57,78,1918,212.66666666666663,1.368421052631579,9.02,24.59,49.99
KK Cooper,25,36,789,96.0,1.44,8.22,21.92,50.32
KV Sharma,82,82,2130,249.16666666666663,1.0,8.55,25.98,54.42
KW Richardson,15,21,479,55.833333333333336,1.4,8.58,22.81,43.79
Kartik Tyagi,20,16,720,70.33333333333333,0.8,10.24,45.0,18.22
Kuldeep Yadav,82,90,2413,291.0,1.0975609756097562,8.29,26.81,57.96
L Balaji,73,85,2083,252.0,1.1643835616438356,8.27,24.51,58.17
LH Ferguson,45,57,1451,159.66666666666666,1.2666666666666666,9.09,25.46,44.94
LR Shukla,27,17,458,52.333333333333336,0.6296296296296297,8.75,26.94,39.7
LS Livingstone,22,11,395,43.0,0.5,9.19,35.91,30.69
Lalit Yadav,19,11,430,48.0,0.5789473684210527,8.96,39.09,31.41
M Ashwin,44,35,1182,145.0,0.7954545454545454,8.15,33.77,45.66
M Jansen,21,22,732,75.16666666666667,1.0476190476190477,9.74,33.27,28.96
M Kartik,55,39,1418,191.5,0.7090909090909091,7.4,36.36,52.11
M Markande,37,37,1081,120.0,1.0,9.01,29.22,40.2
M Morkel,70,88,2136,271.5,1.2571428571428571,7.87,24.27,62.48
M Muralitharan,66,67,1765,254.66666666666663,1.0151515151515151,6.93,26.34,66.07
M Pathirana,20,38,617,75.16666666666667,1.9,8.21,16.24,53.24
M Prasidh Krishna,51,54,1741,192.0,1.0588235294117647,9.07,32.24,41.63
M Theekshana,27,25,814,104.0,0.925925925925926,7.83,32.56,47.16
MA Starc,39,59,1175,138.5,1.5128205128205128,8.48,19.92,53.24
MC Henriques,60,46,1302,158.33333333333334,0.7666666666666667,8.22,28.3,49.49
MF Maharoof,20,33,532,70.0,1.65,7.6,16.12,57.86
MG Johnson,54,66,1740,205.83333333333331,1.2222222222222223,8.45,26.36,52.09
MJ McClenaghan,56,75,1839,212.33333333333331,1.3392857142857142,8.66,24.52,52.71
MJ Santner,18,16,428,61.0,0.8888888888888888,7.02,26.75,55.27
MM Ali,52,40,900,126.33333333333331,0.7692307692307693,7.12,22.5,60.81
MM Patel,63,82,1733,225.83333333333331,1.3015873015873016,7.67,21.13,64.49
MM Sharma,111,147,3278,375.5,1.3243243243243243,8.73,22.3,66.88
MP Stoinis,62,45,1300,133.83333333333334,0.7258064516129032,9.71,28.89,35.54
MR Marsh,34,37,803,93.33333333333331,1.088235294117647,8.6,21.7,47.16
MS Gony,44,39,1317,148.0,0.8863636363636364,8.9,33.77,39.63
Mohammad Nabi,23,15,527,69.5,0.6521739130434783,7.58,35.13,46.4
Mohammed Shami,110,144,3486,405.8333333333333,1.309090909090909,8.59,24.21,66.75
Mohammed Siraj,93,96,2894,326.3333333333333,1.032258064516129,8.87,30.15,52.42
Mohsin Khan,23,27,698,81.0,1.173913043478261,8.62,25.85,43.27
Mujeeb Ur Rahman,19,20,598,72.33333333333333,1.0526315789473684,8.27,29.9,43.35
Mukesh Kumar,20,31,707,66.5,1.55,10.63,22.81,27.12
Mustafizur Rahman,57,70,1792,216.5,1.2280701754385963,8.28,25.6,54.73
N Rana,24,10,253,30.0,0.4166666666666667,8.43,25.3,41.96
NLTC Perera,36,37,1031,116.33333333333331,1.0277777777777777,8.86,27.86,42.15
NM Coulter-Nile,38,52,1125,142.83333333333334,1.368421052631579,7.88,21.63,56.6
NT Ellis,16,19,514,59.0,1.1875,8.71,27.05,40.4
Navdeep Saini,31,26,968,108.66666666666669,0.8387096774193549,8.91,37.23,35.55
Naveen-ul-Haq,17,26,602,64.66666666666667,1.5294117647058822,9.31,23.15,37.98
Noor Ahmad,23,24,672,82.0,1.0434782608695652,8.2,28.0,45.57
P Awana,33,43,1046,124.5,1.303030303030303,8.4,24.33,48.99
P Kumar,119,102,3342,420.6666666666667,0.8571428571428571,7.94,32.76,60.88
P Negi,42,38,954,119.33333333333331,0.9047619047619048,7.99,25.11,51.41
PJ Cummins,58,66,1976,219.83333333333331,1.137931034482759,8.99,29.94,45.65
PJ Sangwan,42,44,1267,142.66666666666666,1.0476190476190477,8.88,28.8,42.91
PP Chawla,191,201,5179,641.6666666666666,1.0523560209424083,8.07,25.77,81.75
PP Ojha,90,99,2399,316.5,1.1,7.58,24.23,67.24
PV Tambe,33,28,866,110.0,0.8484848484848485,7.87,30.93,48.07
PWH de Silva,26,36,758,92.0,1.3846153846153846,8.24,21.06,50.51
Pankaj Singh,17,11,472,50.0,0.6470588235294118,9.44,42.91,25.41
R Ashwin,208,198,5435,754.0,0.9519230769230768,7.21,27.45,88.25
R Bhatia,91,82,2059,272.6666666666667,0.9010989010989012,7.55,25.11,63.87
R Dhawan,36,27,922,110.33333333333331,0.75,8.36,34.15,42.05
R McLaren,18,14,558,59.0,0.7777777777777778,9.46,39.86,27.12
R Parag,21,5,307,29.166666666666668,0.238095238095238,10.53,61.4,6.42
R Sharma,44,42,1100,154.66666666666666,0.9545454545454546,7.11,26.19,59.7
R Tewatia,52,36,1117,140.5,0.6923076923076923,7.95,31.03,48.84
R Vinay Kumar,104,127,3041,354.5,1.2211538461538465,8.58,23.94,63.68
RA Jadeja,211,169,4917,638.1666666666666,0.8009478672985783,7.7,29.09,77.52
RD Chahar,77,76,2165,277.3333333333333,0.987012987012987,7.81,28.49,58.9
RE van der Merwe,21,25,515,73.83333333333333,1.1904761904761905,6.98,20.6,60.01
RG Sharma,32,16,462,56.5,0.5,8.18,28.88,43.84
RJ Harris,37,47,1085,138.66666666666666,1.2702702702702702,7.82,23.09,55.56
RP Meredith,18,21,621,64.66666666666667,1.1666666666666667,9.6,29.57,31.63
RP Singh,82,100,2417,295.8333333333333,1.2195121951219512,8.17,24.17,62.11
RR Powar,26,15,538,71.0,0.5769230769230769,7.58,35.87,46.08
Rashid Khan,121,157,3340,478.6666666666667,1.2975206611570247,6.98,21.27,85.11
Ravi Bishnoi,65,68,1861,235.16666666666663,1.0461538461538462,7.91,27.37,56.94
S Aravind,38,48,1057,126.66666666666669,1.263157894736842,8.34,22.02,51.49
S Gopal,51,53,1358,165.16666666666666,1.03921568627451,8.22,25.62,51.99
S Kaul,55,63,1772,201.5,1.1454545454545455,8.79,28.13,47.67
S Nadeem,70,54,1800,235.83333333333331,0.7714285714285715,7.63,33.33,54.22
S Sreesanth,44,43,1221,146.66666666666666,0.9772727272727272,8.33,28.4,47.88
SB Jakati,57,50,1474,180.83333333333331,0.8771929824561403,8.15,29.48,50.39
SC Ganguly,20,12,370,46.0,0.6,8.04,30.83,43.5
SK Raina,69,30,1139,151.33333333333334,0.4347826086956521,7.53,37.97,48.51
SK Trivedi,75,73,1944,251.0,0.9733333333333334,7.75,26.63,59.67
SK Warne,54,60,1465,199.0,1.1111111111111112,7.36,24.42,61.65
SL Malinga,122,188,3486,471.3333333333333,1.540983606557377,7.4,18.54,88.44
SM Curran,58,62,1924,196.83333333333331,1.0689655172413792,9.77,31.03,37.34
SN Thakur,92,100,2908,311.0,1.0869565217391304,9.35,29.08,49.3
SP Narine,175,200,4672,680.1666666666666,1.1428571428571428,6.87,23.36,93.48
SR Watson,105,107,2742,338.1666666666667,1.019047619047619,8.11,25.63,63.37
ST Jayasuriya,21,16,396,49.0,0.7619047619047619,8.08,24.75,46.52
STR Binny,63,28,763,99.0,0.4444444444444444,7.71,27.25,51.11
SW Tait,21,26,668,78.83333333333333,1.238095238095238,8.47,25.69,44.5
Sandeep Sharma,126,153,3758,470.3333333333333,1.2142857142857142,7.99,24.56,73.77
Shahbaz Ahmed,42,21,850,89.5,0.5,9.5,40.48,27.84
Shakib Al Hasan,70,71,1864,247.33333333333331,1.0142857142857142,7.54,26.25,61.35
Shivam Mavi,32,33,958,108.16666666666669,1.03125,8.86,29.03,40.88
T Natarajan,61,76,2001,222.83333333333331,1.2459016393442623,8.98,26.33,49.22
TA Boult,103,128,3286,390.1666666666667,1.2427184466019416,8.42,25.67,64.58
TG Southee,54,57,1774,201.0,1.0555555555555556,8.83,31.12,44.86
TM Dilshan,25,5,368,45.16666666666666,0.2,8.15,73.6,22.75
TU Deshpande,36,46,1275,129.0,1.2777777777777777,9.88,27.72,34.69
UT Yadav,147,163,4442,509.5,1.108843537414966,8.72,27.25,67.91
Umran Malik,26,31,785,82.33333333333333,1.1923076923076923,9.53,25.32,36.01
V Kohli,26,5,371,41.833333333333336,0.1923076923076923,8.87,74.2,15.96
V Sehwag,15,6,236,22.666666666666664,0.4,10.41,39.33,17.2
V Shankar,22,12,344,39.66666666666666,0.5454545454545454,8.67,28.67,38.72
VG Arora,20,20,598,64.0,1.0,9.34,29.9,33.65
VR Aaron,50,46,1527,165.66666666666666,0.92,9.22,33.2,38.32
VRV Singh,18,16,549,60.0,0.8888888888888888,9.15,34.31,32.71
VY Mahesh,17,22,511,56.5,1.2941176470588236,9.04,23.23,39.63
WD Parnell,33,40,968,120.5,1.2121212121212122,8.03,24.2,51.83
Washington Sundar,58,39,1335,175.66666666666666,0.6724137931034483,7.6,34.23,51.22
Y Venugopal Rao,20,7,338,36.0,0.35,9.39,48.29,22.78
YK Pathan,82,46,1443,191.16666666666663,0.5609756097560976,7.55,31.37,54.25
YS Chahal,159,213,4681,586.8333333333334,1.339622641509434,7.98,21.98,86.51
Yash Dayal,28,31,933,96.33333333333331,1.1071428571428572,9.69,30.1,32.51
Yash Thakur,19,27,702,67.33333333333333,1.4210526315789471,10.43,26.0,26.79
Yuvraj Singh,73,39,1091,144.83333333333334,0.5342465753424658,7.53,27.97,54.55
Z Khan,99,119,2860,366.6666666666667,1.202020202020202,7.8,24.03,69.18
