batter,innings,total_runs,total_balls,avg_runs,fours,sixes,fifties,hundreds,strike_rate
A Ashish Reddy,23,280,193,12.17,16,15,0,0,145.08
A Badoni,35,634,472,18.11,46,24,4,0,134.32
A Mishra,55,381,417,6.93,31,5,0,0,91.37
A Symonds,36,974,745,27.06,74,41,6,1,130.74
AB de Villiers,170,5181,3400,30.48,414,253,44,3,152.38
AC Gilchrist,80,2069,1483,25.86,239,92,13,2,139.51
AD Mathews,41,724,573,17.66,44,29,1,0,126.35
AD Russell,104,2488,1407,23.92,171,209,11,0,176.83
AJ Finch,90,2092,1626,23.24,214,78,15,0,128.66
AK Markram,42,995,764,23.69,73,35,5,0,130.24
AL Menaria,23,401,354,17.43,24,18,0,0,113.28
AM Nayar,50,672,573,13.44,55,20,0,0,117.28
AM Rahane,171,4642,3757,27.15,479,103,32,2,123.56
AP Tare,27,339,272,12.56,40,11,1,0,124.63
AR Patel,112,1653,1259,14.76,107,79,3,0,131.29
AT Rayudu,185,4348,3391,23.5,359,173,23,1,128.22
Abdul Samad,39,579,394,14.85,37,36,0,0,146.95
Abhishek Sharma,61,1377,883,22.57,128,73,7,0,155.95
Anuj Rawat,21,318,267,15.14,26,14,1,0,119.1
Azhar Mahmood,21,388,303,18.48,39,13,2,0,128.05
B Chipli,21,280,250,13.33,28,7,1,0,112.0
B Kumar,65,306,325,4.71,30,3,0,0,94.15
B Sai Sudharsan,25,1034,735,41.36,95,32,7,1,140.68
BA Stokes,43,935,695,21.74,81,32,4,2,134.53
BB McCullum,109,2882,2176,26.44,293,130,15,2,132.44
BJ Hodge,63,1400,1112,22.22,122,43,6,0,125.9
C Green,28,707,457,25.25,62,32,3,1,154.7
C de Grandhomme,21,303,224,14.43,18,18,0,0,135.27
CA Lynn,42,1329,941,31.64,132,66,10,0,141.23
CA Pujara,22,390,390,17.73,50,4,1,0,100.0
CH Gayle,141,4997,3331,35.44,408,359,38,6,150.02
CH Morris,49,618,397,12.61,41,35,2,0,155.67
CJ Anderson,29,538,421,18.55,40,31,3,0,127.79
CL White,45,971,757,21.58,76,38,6,0,128.27
D Padikkal,64,1559,1262,24.36,170,42,10,1,123.53
DA Miller,123,2924,2094,23.77,207,134,14,1,139.64
DA Warner,184,6567,4682,35.69,663,236,66,4,140.26
DB Das,22,304,260,13.82,23,16,0,0,116.92
DB Ravi Teja,25,375,315,15.0,35,9,1,0,119.05
DJ Bravo,110,1560,1196,14.18,120,66,5,0,130.43
DJ Hooda,96,1466,1127,15.27,96,61,8,0,130.08
DJ Hussey,61,1322,1070,21.67,90,60,5,0,123.55
DJG Sammy,20,295,241,14.75,15,18,1,0,122.41
DP Conway,22,924,651,42.0,100,30,9,0,141.94
DPMD Jayawardene,78,1808,1462,23.18,200,40,11,1,123.67
DR Smith,88,2385,1755,27.1,245,117,17,0,135.9
DS Kulkarni,20,104,108,5.2,7,2,0,0,96.3
DT Christian,41,460,394,11.22,23,19,0,0,116.75
DW Steyn,33,167,160,5.06,14,3,0,0,104.38
Dhruv Jurel,22,347,229,15.77,29,16,2,0,151.53
E Lewis,26,654,477,25.15,62,36,4,0,137.11
EJG Morgan,74,1406,1147,19.0,112,64,5,0,122.58
F du Plessis,138,4571,3345,33.12,422,166,37,0,136.65
G Gambhir,151,4217,3394,27.93,492,59,36,0,124.25
GC Smith,29,739,664,25.48,94,9,4,0,111.3
GH Vihari,23,284,319,12.35,23,1,0,0,89.03
GJ Bailey,36,663,541,18.42,59,19,2,0,122.55
GJ Maxwell,128,2772,1761,21.66,233,160,18,0,157.41
Gurkeerat Singh,32,511,422,15.97,55,11,2,0,121.09
H Klaasen,32,993,584,31.03,56,64,7,1,170.03
HH Gibbs,36,886,805,24.61,83,31,6,0,110.06
HH Pandya,128,2534,1730,19.8,189,137,10,0,146.47
HV Patel,37,249,203,6.73,16,15,0,0,122.66
Harbhajan Singh,88,833,599,9.47,79,42,1,0,139.07
Harpreet Brar,24,233,190,9.71,19,9,0,0,122.63
I Sharma,21,57,69,2.71,4,2,0,0,82.61
IK Pathan,82,1150,947,14.02,88,38,1,0,121.44
Ishan Kishan,99,2644,1939,26.71,255,119,16,0,136.36
J Botha,28,409,358,14.61,39,5,1,0,114.25
JA Morkel,67,975,683,14.55,61,55,3,0,142.75
JC Archer,23,199,124,8.65,11,14,0,0,160.48
JC Buttler,106,3583,2419,33.8,356,161,26,7,148.12
JD Ryder,29,604,455,20.83,69,19,4,0,132.75
JD Unadkat,27,197,166,7.3,16,7,0,0,118.67
JH Kallis,95,2427,2213,25.55,255,44,17,0,109.67
JJ Bumrah,26,68,77,2.62,5,1,0,0,88.31
JJ Roy,21,614,441,29.24,75,21,4,0,139.23
JM Bairstow,50,1589,1096,31.78,166,69,11,2,144.98
JM Sharma,36,730,481,20.28,53,45,0,0,151.77
JO Holder,27,259,209,9.59,13,18,0,0,123.92
JP Duminy,75,2029,1631,27.05,126,79,14,0,124.4
JP Faulkner,45,527,385,11.71,36,23,0,0,136.88
K Gowtham,27,247,148,9.15,15,17,0,0,166.89
K Rabada,28,206,192,7.36,16,8,0,0,107.29
KA Pollard,168,3437,2315,20.46,221,224,16,0,148.47
KC Sangakkara,68,1687,1385,24.81,195,27,10,0,121.81
KD Karthik,233,4843,3570,20.79,466,161,22,0,135.66
KH Pandya,107,1647,1239,15.39,144,61,1,0,132.93
KK Nair,68,1496,1169,22.0,161,39,10,0,127.97
KL Rahul,122,4689,3474,38.43,400,187,41,4,134.97
KM Jadhav,81,1208,969,14.91,102,40,4,0,124.66
KP Pietersen,36,1001,742,27.81,91,40,5,1,134.91
KS Williamson,76,2132,1692,28.05,187,64,18,0,126.0
KV Sharma,39,351,294,9.0,20,17,0,0,119.39
Kuldeep Yadav,32,183,216,5.72,16,3,0,0,84.72
LMP Simmons,29,1079,848,37.21,109,44,12,1,127.24
LR Shukla,33,405,350,12.27,33,16,0,0,115.71
LRPL Taylor,54,1017,818,18.83,66,46,3,0,124.33
LS Livingstone,39,939,571,24.08,66,66,6,0,164.45
Lalit Yadav,21,305,285,14.52,27,7,0,0,107.02
M Kaif,22,259,249,11.77,22,6,0,0,104.02
M Manhas,38,514,470,13.53,43,10,0,0,109.36
M Morkel,20,126,89,6.3,11,5,0,0,141.57
M Shahrukh Khan,37,553,391,14.95,35,37,1,0,141.43
M Vijay,105,2619,2148,24.94,247,91,15,2,121.93
M Vohra,51,1083,828,21.24,104,43,3,0,130.8
MA Agarwal,121,2669,1990,22.06,265,98,14,1,134.12
MC Henriques,54,1000,785,18.52,87,28,5,0,127.39
MEK Hussey,58,1977,1610,34.09,198,52,16,1,122.8
MG Johnson,28,167,163,5.96,10,7,0,0,102.45
MJ McClenaghan,20,85,69,4.25,5,7,0,0,123.19
MK Lomror,35,527,372,15.06,33,30,1,0,141.67
MK Pandey,158,3859,3174,24.42,335,111,23,1,121.58
MK Tiwary,83,1695,1444,20.42,156,40,7,0,117.38
ML Hayden,32,1107,799,34.59,121,44,8,0,138.55
MM Ali,57,1162,818,20.39,95,67,6,0,142.05
MM Sharma,28,124,133,4.43,9,4,0,0,93.23
MP Stoinis,88,1866,1308,21.2,150,91,10,1,142.66
MR Marsh,36,665,521,18.47,48,38,3,0,127.64
MS Bisla,39,798,700,20.46,93,23,4,0,114.0
MS Dhoni,228,5243,3790,23.0,363,252,24,0,138.34
MV Boucher,23,394,307,17.13,32,13,1,0,128.34
Mandeep Singh,97,1706,1385,17.59,176,38,6,0,123.18
Mohammed Shami,23,74,79,3.22,6,2,0,0,93.67
Mohammed Siraj,20,109,117,5.45,10,4,0,0,93.16
N Pooran,72,1769,1090,24.57,113,127,9,0,162.29
N Rana,101,2636,1946,26.1,234,132,18,0,135.46
NLTC Perera,30,424,306,14.13,23,26,0,0,138.56
NV Ojha,94,1554,1308,16.53,121,79,6,0,118.81
OA Shah,22,506,388,23.0,34,23,4,0,130.41
P Kumar,57,340,312,5.96,22,17,0,0,108.97
P Negi,35,365,288,10.43,27,16,0,0,126.74
P Simran Singh,34,756,516,22.24,78,41,4,1,146.51
PA Patel,136,2848,2350,20.94,365,49,13,0,121.19
PC Valthaty,23,505,414,21.96,61,20,3,1,121.98
PD Salt,21,653,368,31.1,74,34,6,0,177.45
PJ Cummins,39,515,342,13.21,33,34,3,0,150.58
PP Chawla,86,624,561,7.26,56,20,0,0,111.23
PP Shaw,79,1892,1280,23.95,238,61,14,0,147.81
Q de Kock,107,3160,2349,29.53,316,123,25,2,134.53
R Ashwin,89,800,674,8.99,61,28,1,0,118.69
R Bhatia,47,342,284,7.28,24,13,0,0,120.42
R Dhawan,22,210,187,9.55,18,7,0,0,112.3
R Dravid,82,2174,1878,26.51,269,28,11,0,115.76
R Parag,58,1173,865,20.22,84,60,6,0,135.61
R Powell,22,360,244,16.36,21,28,1,0,147.54
R Sathish,24,270,230,11.25,22,6,0,0,117.39
R Tewatia,65,1013,748,15.58,84,47,1,0,135.43
R Vinay Kumar,42,310,274,7.38,21,9,0,0,113.14
RA Jadeja,180,2959,2267,16.44,215,107,3,0,130.52
RA Tripathi,93,2236,1598,24.04,223,84,12,0,139.92
RD Chahar,22,129,124,5.86,13,5,0,0,104.03
RD Gaikwad,65,2380,1730,36.62,217,91,20,2,137.57
RG Sharma,251,6630,5039,26.41,599,281,45,2,131.57
RJ Harris,21,117,111,5.57,6,3,0,0,105.41
RK Singh,40,893,617,22.32,67,46,4,0,144.73
RM Patidar,24,799,502,33.29,51,54,8,1,159.16
RN ten Doeschate,21,326,235,15.52,26,15,1,0,138.72
RP Singh,28,52,76,1.86,2,1,0,0,68.42
RR Pant,110,3297,2206,29.97,298,154,19,1,149.46
RR Rossouw,22,473,306,21.5,45,25,2,0,154.58
RS Bopara,22,531,453,24.14,39,16,3,0,117.22
RV Uthappa,197,4954,3784,25.15,481,182,27,0,130.92
Rashid Khan,58,545,331,9.4,39,38,1,0,164.65
S Badrinath,65,1441,1208,22.17,154,28,11,0,119.29
S Dhawan,221,6769,5304,30.63,768,153,53,2,127.62
S Dube,61,1502,1022,24.62,86,101,9,0,146.97
S Gopal,22,180,169,8.18,19,2,0,0,106.51
S Nadeem,20,39,87,1.95,2,0,0,0,44.83
S Sohal,20,368,289,18.4,34,18,2,0,127.34
SA Yadav,135,3594,2462,26.62,385,130,26,2,145.98
SC Ganguly,56,1349,1257,24.09,137,42,7,0,107.32
SE Marsh,69,2489,1866,36.07,269,78,21,1,133.39
SK Raina,200,5536,4025,27.68,506,204,40,1,137.54
SK Warne,27,198,213,7.33,14,6,0,0,92.96
SL Malinga,20,88,99,4.4,6,5,0,0,88.89
SM Curran,48,883,643,18.4,74,37,5,0,137.33
SN Khan,36,585,444,16.25,63,14,1,0,131.76
SN Thakur,35,307,220,8.77,27,13,1,0,139.55
SO Hetmyer,65,1243,807,19.12,76,82,4,0,154.03
SP Goswami,21,293,293,13.95,32,3,1,0,100.0
SP Narine,106,1534,924,14.47,164,97,8,1,166.02
SPD Smith,93,2495,1931,26.83,226,60,12,1,129.21
SR Tendulkar,78,2334,1941,29.92,296,29,14,1,120.25
SR Watson,141,3880,2801,27.52,377,190,25,4,138.52
SS Iyer,114,3131,2449,27.46,272,113,21,0,127.85
SS Tiwary,73,1494,1235,20.47,111,50,8,0,120.97
ST Jayasuriya,30,768,529,25.6,84,39,5,1,145.18
STR Binny,66,880,682,13.33,66,35,0,0,129.03
SV Samson,162,4419,3167,27.28,352,206,28,3,139.53
SW Billings,27,503,385,18.63,40,20,3,0,130.65
Sandeep Sharma,25,54,69,2.16,4,0,0,0,78.26
Shahbaz Ahmed,37,536,438,14.49,28,25,1,0,122.37
Shakib Al Hasan,52,795,635,15.29,73,21,2,0,125.2
Shubman Gill,99,3216,2360,32.48,310,95,24,4,136.27
TA Boult,22,83,78,3.77,5,3,0,0,106.41
TH David,35,659,385,18.83,38,46,0,0,171.17
TL Suman,39,676,573,17.33,55,26,2,0,117.98
TM Dilshan,50,1153,1001,23.06,140,24,9,0,115.18
TM Head,25,772,441,30.88,76,40,6,1,175.06
Tilak Varma,38,1156,787,30.42,90,58,6,0,146.89
UBT Chand,20,300,299,15.0,32,9,1,0,100.33
UT Yadav,48,208,201,4.33,16,9,0,0,103.48
V Kohli,244,8014,6051,32.84,708,273,64,8,132.44
V Sehwag,104,2728,1740,26.23,334,106,18,2,156.78
V Shankar,58,1115,857,19.22,80,45,6,0,130.11
VR Iyer,49,1326,966,27.06,121,61,12,1,137.27
VVS Laxman,20,282,266,14.1,33,5,1,0,106.02
WP Saha,143,2934,2296,20.52,296,87,14,1,127.79
Washington Sundar,38,378,324,9.95,32,9,0,0,116.67
Y Nagar,20,285,259,14.25,20,9,0,0,110.04
Y Venugopal Rao,52,985,832,18.94,77,37,3,0,118.39
YBK Jaiswal,52,1607,1062,30.9,199,64,11,2,151.32
YK Pathan,153,3222,2233,21.06,263,161,15,1,144.29
Yuvraj Singh,126,2754,2115,21.86,218,149,13,0,130.21
Z Khan,27,117,140,4.33,11,2,0,0,83.57
